id;title;description;link;image_link;price;availability
AT MOLINIA R 7S BK;Poignée de porte noire mat MOLINIA;Découvrez les poignées de porte massives noires 'Molinia' de la collection Comfort d'Aprile. Ces poignées de porte en zamak massif offrent à la fois durabilité et style.;https://mch-com.store/poignees-de-porte/56661-5422-poignee-de-porte-noire-mat-molinia.html#/56-rosaces_de_cle-sans_rosaces_de_cle;https://mch-com.store/14146-large_default/poignee-de-porte-noire-mat-molinia.jpg;77,00 €;in stock
;;;;;;
;;Les rosettes rondes d'un diamètre de 53 mm et d'une épaisseur de 7 mm sont anodisées en noir mat, créant une finition élégante. Les poignées présentent un motif de coupe transversale distinctif, faisant d'elles des éléments accrocheurs pour vos portes.;;;;
;;;;;;
;;Chaque paire de poignées de porte noires est livrée avec les rosettes métalliques, la tige carrée de 8x8 mm / 7x7 mm FRANCE et le matériel de fixation nécessaire pour une installation facile. Elles conviennent aux portes intérieures d'une épaisseur maximale de 44 mm, offrant une compatibilité flexible.;;;;
;;;;;;
;;Les rosettes sont équipées d'ergots qui leur permettent de rester solidement en place, renforçant ainsi leur stabilité. De plus, elles sont montées sur ressort et d'un seul tenant, conférant aux poignées une allure élégante et harmonieuse.;;;;
;;;;;;
;;Pour les portes plus larges, nous pouvons fournir des matériaux de fixation plus longs, afin de garantir un ajustement parfait.;;;;
;;;;;;
;;Les poignées de porte noires massives 'Molinia' combinent un design élégant avec une fonctionnalité pratique. Donnez une touche de sophistication à vos portes avec ces magnifiques poignées de porte noires mates au design raffiné.;;;;
